-- MySQL dump 10.13  Distrib 5.7.9, for Win64 (x86_64)
--
-- Host: localhost    Database: userspice
-- ------------------------------------------------------
-- Server version	5.7.9

/*!40101 SET @OLD_CHARACTER_SET_CLIENT=@@CHARACTER_SET_CLIENT */;
/*!40101 SET @OLD_CHARACTER_SET_RESULTS=@@CHARACTER_SET_RESULTS */;
/*!40101 SET @OLD_COLLATION_CONNECTION=@@COLLATION_CONNECTION */;
/*!40101 SET NAMES utf8 */;
/*!40103 SET @OLD_TIME_ZONE=@@TIME_ZONE */;
/*!40103 SET TIME_ZONE='+00:00' */;
/*!40014 SET @OLD_UNIQUE_CHECKS=@@UNIQUE_CHECKS, UNIQUE_CHECKS=0 */;
/*!40014 SET @OLD_FOREIGN_KEY_CHECKS=@@FOREIGN_KEY_CHECKS, FOREIGN_KEY_CHECKS=0 */;
/*!40101 SET @OLD_SQL_MODE=@@SQL_MODE, SQL_MODE='NO_AUTO_VALUE_ON_ZERO' */;
/*!40111 SET @OLD_SQL_NOTES=@@SQL_NOTES, SQL_NOTES=0 */;

--
-- Table structure for table `email`
--

DROP TABLE IF EXISTS `email`;
/*!40101 SET @saved_cs_client     = @@character_set_client */;
/*!40101 SET character_set_client = utf8 */;
CREATE TABLE `email` (
  `id` int(11) NOT NULL AUTO_INCREMENT,
  `website_name` varchar(100) NOT NULL,
  `smtp_server` varchar(100) NOT NULL,
  `smtp_port` int(10) NOT NULL,
  `email_login` varchar(150) NOT NULL,
  `email_pass` varchar(100) NOT NULL,
  `from_name` varchar(100) NOT NULL,
  `from_email` varchar(150) NOT NULL,
  `transport` varchar(255) NOT NULL,
  `verify_url` varchar(255) NOT NULL,
  `email_act` int(1) NOT NULL,
  PRIMARY KEY (`id`)
) ENGINE=InnoDB AUTO_INCREMENT=2 DEFAULT CHARSET=utf8;
/*!40101 SET character_set_client = @saved_cs_client */;

--
-- Dumping data for table `email`
--

LOCK TABLES `email` WRITE;
/*!40000 ALTER TABLE `email` DISABLE KEYS */;
INSERT INTO `email` VALUES (1,'Talented','mail.userspice.com',587,'noreply@userspice.com','password','Your Name','noreply@userspice.com','tls','http://localhost/us4/',0);
/*!40000 ALTER TABLE `email` ENABLE KEYS */;
UNLOCK TABLES;

--
-- Table structure for table `keys`
--

DROP TABLE IF EXISTS `keys`;
/*!40101 SET @saved_cs_client     = @@character_set_client */;
/*!40101 SET character_set_client = utf8 */;
CREATE TABLE `keys` (
  `id` int(11) NOT NULL AUTO_INCREMENT,
  `stripe_ts` varchar(255) NOT NULL,
  `stripe_tp` varchar(255) NOT NULL,
  `stripe_ls` varchar(255) NOT NULL,
  `stripe_lp` varchar(255) NOT NULL,
  `recap_pub` varchar(100) NOT NULL,
  `recap_pri` varchar(100) NOT NULL,
  PRIMARY KEY (`id`)
) ENGINE=InnoDB DEFAULT CHARSET=utf8;
/*!40101 SET character_set_client = @saved_cs_client */;

--
-- Dumping data for table `keys`
--

LOCK TABLES `keys` WRITE;
/*!40000 ALTER TABLE `keys` DISABLE KEYS */;
/*!40000 ALTER TABLE `keys` ENABLE KEYS */;
UNLOCK TABLES;

--
-- Table structure for table `pages`
--

DROP TABLE IF EXISTS `pages`;
/*!40101 SET @saved_cs_client     = @@character_set_client */;
/*!40101 SET character_set_client = utf8 */;
CREATE TABLE `pages` (
  `id` int(11) NOT NULL AUTO_INCREMENT,
  `page` varchar(100) NOT NULL,
  `private` int(11) NOT NULL DEFAULT '0',
  PRIMARY KEY (`id`)
) ENGINE=InnoDB AUTO_INCREMENT=31 DEFAULT CHARSET=utf8;
/*!40101 SET character_set_client = @saved_cs_client */;

--
-- Dumping data for table `pages`
--

LOCK TABLES `pages` WRITE;
/*!40000 ALTER TABLE `pages` DISABLE KEYS */;
INSERT INTO `pages` VALUES (1,'index.php',0),(2,'z_us_root.php',0),(3,'users/account.php',1),(4,'users/admin.php',1),(5,'users/admin_page.php',1),(6,'users/admin_pages.php',1),(7,'users/admin_permission.php',1),(8,'users/admin_permissions.php',1),(9,'users/admin_user.php',1),(10,'users/admin_users.php',1),(11,'users/edit_profile.php',1),(12,'users/email_settings.php',1),(13,'users/email_test.php',1),(14,'users/forgot_password.php',0),(15,'users/forgot_password_reset.php',0),(16,'users/index.php',0),(17,'users/init.php',0),(18,'users/join.php',0),(19,'users/joinThankYou.php',0),(20,'users/login.php',0),(21,'users/logout.php',0),(22,'users/profile.php',1),(23,'users/times.php',0),(24,'users/user_settings.php',1),(25,'users/verify.php',0),(26,'users/verify_resend.php',0),(27,'users/view_all_users.php',1),(28,'usersc/empty.php',0),(29,'usersc/join.php',0),(30,'usersc/user_settings.php',0);
/*!40000 ALTER TABLE `pages` ENABLE KEYS */;
UNLOCK TABLES;

--
-- Table structure for table `permission_page_matches`
--

DROP TABLE IF EXISTS `permission_page_matches`;
/*!40101 SET @saved_cs_client     = @@character_set_client */;
/*!40101 SET character_set_client = utf8 */;
CREATE TABLE `permission_page_matches` (
  `id` int(11) NOT NULL AUTO_INCREMENT,
  `permission_id` int(15) NOT NULL,
  `page_id` int(15) NOT NULL,
  PRIMARY KEY (`id`)
) ENGINE=InnoDB AUTO_INCREMENT=18 DEFAULT CHARSET=utf8;
/*!40101 SET character_set_client = @saved_cs_client */;

--
-- Dumping data for table `permission_page_matches`
--

LOCK TABLES `permission_page_matches` WRITE;
/*!40000 ALTER TABLE `permission_page_matches` DISABLE KEYS */;
INSERT INTO `permission_page_matches` VALUES (2,2,27),(3,1,24),(4,1,22),(5,2,13),(6,2,12),(7,1,11),(8,2,10),(9,2,9),(10,2,8),(11,2,7),(12,2,6),(13,2,5),(14,2,4),(15,1,3),(16,1,30),(17,2,30);
/*!40000 ALTER TABLE `permission_page_matches` ENABLE KEYS */;
UNLOCK TABLES;

--
-- Table structure for table `permissions`
--

DROP TABLE IF EXISTS `permissions`;
/*!40101 SET @saved_cs_client     = @@character_set_client */;
/*!40101 SET character_set_client = utf8 */;
CREATE TABLE `permissions` (
  `id` int(11) NOT NULL AUTO_INCREMENT,
  `name` varchar(150) NOT NULL,
  PRIMARY KEY (`id`)
) ENGINE=InnoDB AUTO_INCREMENT=3 DEFAULT CHARSET=utf8;
/*!40101 SET character_set_client = @saved_cs_client */;

--
-- Dumping data for table `permissions`
--

LOCK TABLES `permissions` WRITE;
/*!40000 ALTER TABLE `permissions` DISABLE KEYS */;
INSERT INTO `permissions` VALUES (1,'User'),(2,'Administrator');
/*!40000 ALTER TABLE `permissions` ENABLE KEYS */;
UNLOCK TABLES;

--
-- Table structure for table `profiles`
--

DROP TABLE IF EXISTS `profiles`;
/*!40101 SET @saved_cs_client     = @@character_set_client */;
/*!40101 SET character_set_client = utf8 */;
CREATE TABLE `profiles` (
  `id` int(11) NOT NULL AUTO_INCREMENT,
  `user_id` int(11) NOT NULL,
  `bio` text NOT NULL,
  PRIMARY KEY (`id`)
) ENGINE=InnoDB AUTO_INCREMENT=2 DEFAULT CHARSET=utf8;
/*!40101 SET character_set_client = @saved_cs_client */;

--
-- Dumping data for table `profiles`
--

LOCK TABLES `profiles` WRITE;
/*!40000 ALTER TABLE `profiles` DISABLE KEYS */;
INSERT INTO `profiles` VALUES (1,1,'<h1>This is the Admin\'s bio.</h1>');
/*!40000 ALTER TABLE `profiles` ENABLE KEYS */;
UNLOCK TABLES;

--
-- Table structure for table `settings`
--

DROP TABLE IF EXISTS `settings`;
/*!40101 SET @saved_cs_client     = @@character_set_client */;
/*!40101 SET character_set_client = utf8 */;
CREATE TABLE `settings` (
  `id` int(50) NOT NULL AUTO_INCREMENT,
  `recaptcha` int(1) NOT NULL DEFAULT '0',
  `force_ssl` int(1) NOT NULL,
  `login_type` varchar(20) NOT NULL,
  `css_sample` int(1) NOT NULL,
  `us_css1` varchar(255) NOT NULL,
  `us_css2` varchar(255) NOT NULL,
  `us_css3` varchar(255) NOT NULL,
  `css1` varchar(255) NOT NULL,
  `css2` varchar(255) NOT NULL,
  `css3` varchar(255) NOT NULL,
  `site_name` varchar(100) NOT NULL,
  `language` varchar(255) NOT NULL,
  `track_guest` int(1) NOT NULL,
  `site_offline` int(1) NOT NULL,
  `force_pr` int(1) NOT NULL,
  `reserved1` varchar(100) NOT NULL,
  `reserverd2` varchar(100) NOT NULL,
  `custom1` varchar(100) NOT NULL,
  `custom2` varchar(100) NOT NULL,
  `custom3` varchar(100) NOT NULL,
  PRIMARY KEY (`id`)
) ENGINE=InnoDB AUTO_INCREMENT=2 DEFAULT CHARSET=utf8;
/*!40101 SET character_set_client = @saved_cs_client */;

--
-- Dumping data for table `settings`
--

LOCK TABLES `settings` WRITE;
/*!40000 ALTER TABLE `settings` DISABLE KEYS */;
INSERT INTO `settings` VALUES (1,0,0,'',0,'../users/css/color_schemes/standard.css','../users/css/sb-admin.css','../users/css/custom.css','','','','Talented','cs',1,0,0,'','','','','');
/*!40000 ALTER TABLE `settings` ENABLE KEYS */;
UNLOCK TABLES;

--
-- Table structure for table `user_permission_matches`
--

DROP TABLE IF EXISTS `user_permission_matches`;
/*!40101 SET @saved_cs_client     = @@character_set_client */;
/*!40101 SET character_set_client = utf8 */;
CREATE TABLE `user_permission_matches` (
  `id` int(11) NOT NULL AUTO_INCREMENT,
  `user_id` int(11) NOT NULL,
  `permission_id` int(11) NOT NULL,
  PRIMARY KEY (`id`)
) ENGINE=InnoDB AUTO_INCREMENT=102 DEFAULT CHARSET=utf8;
/*!40101 SET character_set_client = @saved_cs_client */;

--
-- Dumping data for table `user_permission_matches`
--

LOCK TABLES `user_permission_matches` WRITE;
/*!40000 ALTER TABLE `user_permission_matches` DISABLE KEYS */;
INSERT INTO `user_permission_matches` VALUES (100,1,1),(101,1,2);
/*!40000 ALTER TABLE `user_permission_matches` ENABLE KEYS */;
UNLOCK TABLES;

--
-- Table structure for table `users`
--

DROP TABLE IF EXISTS `users`;
/*!40101 SET @saved_cs_client     = @@character_set_client */;
/*!40101 SET character_set_client = utf8 */;
CREATE TABLE `users` (
  `id` int(11) NOT NULL AUTO_INCREMENT,
  `email` varchar(155) NOT NULL,
  `password` varchar(255) NOT NULL,
  `fname` varchar(255) NOT NULL,
  `lname` varchar(255) NOT NULL,
  `permissions` int(11) NOT NULL,
  `logins` int(100) NOT NULL,
  `account_owner` tinyint(4) NOT NULL DEFAULT '0',
  `account_id` int(11) NOT NULL DEFAULT '0',
  `join_date` datetime NOT NULL,
  `last_login` datetime NOT NULL,
  `email_verified` tinyint(4) NOT NULL DEFAULT '0',
  `vericode` varchar(15) NOT NULL,
  `active` int(1) NOT NULL,
  `city` text,
  `school` text,
  `focus` text,
  `activity` text,
  `language` text,
  `certificate` text,
  `edu_opinion` text,
  `born_date` date DEFAULT NULL,
  `avatar_path` text,
  PRIMARY KEY (`id`),
  KEY `EMAIL` (`email`) USING BTREE
) ENGINE=InnoDB AUTO_INCREMENT=2 DEFAULT CHARSET=utf8;
/*!40101 SET character_set_client = @saved_cs_client */;

--
-- Dumping data for table `users`
--

LOCK TABLES `users` WRITE;
/*!40000 ALTER TABLE `users` DISABLE KEYS */;
INSERT INTO `users` VALUES (1,'tomasfaikl@seznam.cz','$2y$12$DQ.9DSISMa6ZsomkxvmofOhRg0ZIZjpdmx/tl.2fu5zhCi51KPoKC','Tom&aacute;&scaron;','Faikl',1,7,1,0,'2016-01-01 00:00:00','2016-09-16 20:24:12',1,'322418',1,'Pardubice','Gymn&aacute;zium, Pardubice, Da&scaron;ick&aacute; 1083','matematika, fyzika, programov&aacute;n&iacute;, neform&aacute;ln&iacute; vzdÄ›l&aacute;v&aacute;n&iacute;','Talented;SOÄŒ;programov&aacute;n&iacute; (web, aplikace pro mobiln&iacute; zaÅ™&iacute;zen&iacute;, fyzik&aacute;ln&iacute; v&yacute;poÄty);organiz&aacute;tor Expedice Mars;','angliÄtina_B2;',NULL,NULL,'1998-12-25','http://localhost/talented/img/avatars/av_1.png');
/*!40000 ALTER TABLE `users` ENABLE KEYS */;
UNLOCK TABLES;

--
-- Table structure for table `users_online`
--

DROP TABLE IF EXISTS `users_online`;
/*!40101 SET @saved_cs_client     = @@character_set_client */;
/*!40101 SET character_set_client = utf8 */;
CREATE TABLE `users_online` (
  `id` int(10) NOT NULL AUTO_INCREMENT,
  `ip` varchar(15) NOT NULL,
  `timestamp` varchar(15) NOT NULL,
  `username` varchar(100) NOT NULL,
  `session` varchar(50) NOT NULL,
  PRIMARY KEY (`id`)
) ENGINE=InnoDB AUTO_INCREMENT=2 DEFAULT CHARSET=utf8;
/*!40101 SET character_set_client = @saved_cs_client */;

--
-- Dumping data for table `users_online`
--

LOCK TABLES `users_online` WRITE;
/*!40000 ALTER TABLE `users_online` DISABLE KEYS */;
INSERT INTO `users_online` VALUES (1,'::1','1477471820','','');
/*!40000 ALTER TABLE `users_online` ENABLE KEYS */;
UNLOCK TABLES;

--
-- Table structure for table `users_session`
--

DROP TABLE IF EXISTS `users_session`;
/*!40101 SET @saved_cs_client     = @@character_set_client */;
/*!40101 SET character_set_client = utf8 */;
CREATE TABLE `users_session` (
  `id` int(11) NOT NULL AUTO_INCREMENT,
  `user_id` int(11) NOT NULL,
  `hash` varchar(255) NOT NULL,
  `uagent` text,
  PRIMARY KEY (`id`)
) ENGINE=InnoDB AUTO_INCREMENT=39 DEFAULT CHARSET=utf8;
/*!40101 SET character_set_client = @saved_cs_client */;

--
-- Dumping data for table `users_session`
--

LOCK TABLES `users_session` WRITE;
/*!40000 ALTER TABLE `users_session` DISABLE KEYS */;
INSERT INTO `users_session` VALUES (38,1,'e5c284103ce354831561e3b447d1758976c799922d7e20743e9f8c290dfe078f','Mozilla (Windows NT 6.1; Win64; x64) AppleWebKit (KHTML, like Gecko) Chrome Safari');
/*!40000 ALTER TABLE `users_session` ENABLE KEYS */;
UNLOCK TABLES;
/*!40103 SET TIME_ZONE=@OLD_TIME_ZONE */;

/*!40101 SET SQL_MODE=@OLD_SQL_MODE */;
/*!40014 SET FOREIGN_KEY_CHECKS=@OLD_FOREIGN_KEY_CHECKS */;
/*!40014 SET UNIQUE_CHECKS=@OLD_UNIQUE_CHECKS */;
/*!40101 SET CHARACTER_SET_CLIENT=@OLD_CHARACTER_SET_CLIENT */;
/*!40101 SET CHARACTER_SET_RESULTS=@OLD_CHARACTER_SET_RESULTS */;
/*!40101 SET COLLATION_CONNECTION=@OLD_COLLATION_CONNECTION */;
/*!40111 SET SQL_NOTES=@OLD_SQL_NOTES */;

-- Dump completed on 2016-10-26 14:25:25
